date,value
2026-03-05,580.87
2026-03-04,47.77
2026-03-03,461.9
2026-03-02,523.54
2026-03-01,387.49
2026-02-28,495.69
2026-02-27,336.32
2026-02-26,15077.85
2026-02-25,3897.91
2026-02-24,937.44
2026-02-23,845.57
2026-02-22,1370.46
2026-02-21,783.35
2026-02-20,869.42
2026-02-19,18686.22
2026-02-18,7248.68
2026-02-17,7657.02
2026-02-16,7614.76
2026-02-15,377.81
2026-02-14,9699.14
2026-02-13,9869.21
2026-02-12,885.63
2026-02-11,298.79
2026-02-10,85.13
2026-02-09,848.73
2026-02-08,369.29
2026-02-07,546.82
2026-02-06,874.26
2026-02-05,791.73
2026-02-04,1273.44
2026-02-03,306.42
2026-02-02,914.31
2026-02-01,244.57
2026-01-31,515.77
2026-01-30,437.93
2026-01-29,1296.37
2026-01-28,644.71
2026-01-27,592.27
2026-01-26,557.91
2026-01-25,173.36
2026-01-24,1026.98
2026-01-23,736.93
2026-01-22,851.67
2026-01-21,1483.69
2026-01-20,18.15
2026-01-19,873.43
2026-01-18,747.27
2026-01-17,298.17
2026-01-16,467.62
2026-01-15,477.66
2026-01-14,781.53
2026-01-13,472.52
2026-01-12,321.52
2026-01-11,388.43
2026-01-10,458.75
2026-01-09,80.26
2026-01-08,461.58
2026-01-07,671.94
2026-01-06,386.2
2026-01-05,69.93
2026-01-04,401.93
2026-01-03,533.33
2026-01-02,584.87
2026-01-01,1020.27
2025-12-31,639.98
2025-12-30,699.67
2025-12-29,465.53
2025-12-28,552.28
2025-12-27,593.59
2025-12-26,201.58
2025-12-25,563.65
2025-12-24,505.44
2025-12-23,533.37
2025-12-22,1172.24
2025-12-21,201.69
2025-12-20,40.15
2025-12-19,570.4
2025-12-18,3476.18
2025-12-17,286.99
2025-12-16,818.85
2025-12-15,815.15
2025-12-14,725.22
2025-12-13,380.76
2025-12-12,748.02
2025-12-11,784.28
2025-12-10,122.09
2025-12-09,150.88
2025-12-08,664.49
2025-12-07,462.16
2025-12-06,155.11
2025-12-05,838.93
2025-12-04,1424.06
2025-12-03,314.92
2025-12-02,689.17
2025-12-01,808.29
2025-11-30,157.47
2025-11-29,345.1
2025-11-28,948.91
2025-11-27,993.51
2025-11-26,165.72
2025-11-25,812.04
2025-11-24,977.03
2025-11-23,332.32
2025-11-22,1055.96
2025-11-21,170.15
2025-11-20,456.95
2025-11-19,775.61
2025-11-18,798.45
2025-11-17,4037.83
2025-11-16,4003.98
2025-11-15,197.02
2025-11-14,463.02
2025-11-13,676.18
2025-11-12,785.75
2025-11-11,910.71
2025-11-10,2162.07
2025-11-09,3593.36
2025-11-08,378.63
2025-11-07,766.17
2025-11-06,898.57
2025-11-05,421.83
2025-11-04,265.05
2025-11-03,242.21
2025-11-02,296.08
2025-11-01,189.65
2025-10-31,597.44
2025-10-30,282.58
2025-10-29,510.97
2025-10-28,472.16
2025-10-27,709.49
2025-10-26,404.7
2025-10-25,537.03
2025-10-24,286.04
2025-10-23,348.38
2025-10-22,1335.58
2025-10-21,912.05
2025-10-20,719.53
2025-10-19,643.01
2025-10-18,242.25
2025-10-17,979.71
2025-10-16,541.45
2025-10-15,318.45
2025-10-14,386.43
2025-10-13,280.37
2025-10-12,649.64
2025-10-11,3065.44
2025-10-10,435.12
2025-10-09,298.58
2025-10-08,859.05
2025-10-07,867.24
2025-10-06,1751.69
2025-10-05,1319.11
2025-10-04,1941.5
2025-10-03,618.55
2025-10-02,1831.18
2025-10-01,199.19
2025-09-30,919.05
2025-09-29,2675.07
2025-09-28,652.27
2025-09-27,575.85
2025-09-26,1902.27
2025-09-25,916.62
2025-09-24,1444.45
2025-09-23,2225.05
2025-09-22,793.23
2025-09-21,1083.28
2025-09-20,1260.82
2025-09-19,429.74
2025-09-18,2952.7
2025-09-17,1563.51
2025-09-16,1775.14
2025-09-15,657.26
2025-09-14,2651.06
2025-09-13,662.57
2025-09-12,312.39
2025-09-11,1298.86
2025-09-10,494.38
2025-09-09,875.52
2025-09-08,377.5
2025-09-07,204.35
2025-09-06,629.72
2025-09-05,2634.15
2025-09-04,425.56
2025-09-03,492.79
2025-09-02,1068.06
2025-09-01,924.83
2025-08-31,807.12
2025-08-30,361.07
2025-08-29,1967.9
2025-08-28,704.52
2025-08-27,1228.79
2025-08-26,417.89
2025-08-25,1791.16
2025-08-24,979.09
2025-08-23,1607.84
2025-08-22,914.99
2025-08-21,1381.5
2025-08-20,454.67
2025-08-19,217.12
2025-08-18,181.19
2025-08-17,1237.68
2025-08-16,355.03
2025-08-15,952.62
2025-08-14,136.07
2025-08-13,1450.31
2025-08-12,1922.72
2025-08-11,822.42
2025-08-10,743.43
2025-08-09,302.36
2025-08-08,3384.66
2025-08-07,662.01
2025-08-06,698.03
2025-08-05,603.53
2025-08-04,149.38
2025-08-03,3827.24
2025-08-02,188.59
2025-08-01,1019.24
2025-07-31,1193.32
2025-07-30,491.3
2025-07-29,145.89
2025-07-28,552.48
2025-07-27,2775.95
2025-07-26,64.67
2025-07-25,2381.15
2025-07-24,1411.88
2025-07-23,1480.47
2025-07-22,699.2
2025-07-21,1791.25
2025-07-20,137.22
2025-07-19,4220.53
2025-07-18,834.43
2025-07-17,419.2
2025-07-16,960.73
2025-07-15,1246.94
2025-07-14,462.64
2025-07-13,705.48
2025-07-12,2437.02
2025-07-11,1092.19
2025-07-10,768.06
2025-07-09,229.29
2025-07-08,925.86
2025-07-07,70.87
2025-07-06,988.81
2025-07-05,2248.49
2025-07-04,956.42
2025-07-03,1423.62
2025-07-02,1533.51
2025-07-01,233.57
2025-06-30,1481.85
2025-06-29,1286.12
2025-06-28,1656.91
2025-06-27,1110.5
2025-06-26,575.19
2025-06-25,1108.82
2025-06-24,702.37
2025-06-23,1174.72
2025-06-22,40240.99
2025-06-21,40880.25
2025-06-20,188.96
2025-06-19,154.58
2025-06-18,815.12
2025-06-17,116.86
2025-06-16,867.68
2025-06-15,1203.08
2025-06-14,1408.17
2025-06-13,409.08
2025-06-12,85.37
2025-06-11,92.51
2025-06-10,365.79
2025-06-09,1586.65
2025-06-08,273.12
2025-06-07,1970.23
2025-06-06,446.02
2025-06-05,691.94
2025-06-04,163.28
2025-06-03,895.8
2025-06-02,405.14
2025-06-01,559.71
2025-05-31,145.81
2025-05-30,130.24
2025-05-29,1365.9
2025-05-28,1201.89
2025-05-27,1364.45
2025-05-26,1611.64
2025-05-25,508.38
2025-05-24,868.52
2025-05-23,516.27
2025-05-22,1055.69
2025-05-21,432.97
2025-05-20,1267.53
2025-05-19,872.83
2025-05-18,1551.66
2025-05-17,396.54
2025-05-16,480.97
2025-05-15,728.75
2025-05-14,132.03
2025-05-13,308.32
2025-05-12,26.93
2025-05-11,178.39
2025-05-10,438.12
2025-05-09,415.79
2025-05-08,579.99
2025-05-07,280.73
2025-05-06,501.35
2025-05-05,241.51
2025-05-04,683.38
2025-04-30,651.13
2025-04-29,671.8
2025-04-28,801.81
2025-04-27,331.83
2025-04-26,485.23
2025-04-25,178.41
2025-04-24,683.88
2025-04-23,588.53
2025-04-22,971.57
2025-04-21,160.18
2025-04-20,726.31
2025-04-19,635.26
2025-04-18,605.81
2025-04-17,330.03
2025-04-16,1116.48
2025-04-15,355.48
2025-04-14,196.8
2025-04-13,868.04
2025-04-12,371.93
2025-04-11,575.72
2025-04-10,132.3
2025-04-09,608.09
2025-04-08,497.06
2025-04-07,14499.76
2025-04-06,13785.76
2025-04-05,14041.07
2025-04-04,529.41
2025-04-03,801.69
2025-04-02,186.82
2025-04-01,2163.19
2025-03-31,2350.2
2025-03-30,458.77
2025-03-29,562.49
2025-03-28,590.09
2025-03-27,483.29
2025-03-26,563.19
2025-03-25,1350
2025-03-24,466.06
2025-03-23,699.6
2025-03-22,905.46
2025-03-21,604.87
2025-03-20,126.77
2025-03-19,669.81
2025-03-18,405.02
2025-03-17,190.62
2025-03-16,386.34
2025-03-15,247.38
2025-03-14,1171.39
2025-03-13,1089.02
2025-03-12,1101.07
2025-03-11,617.75
2025-03-10,574.19
2025-03-09,291.02
2025-03-08,171.03
2025-03-07,785.15
2025-03-06,788.04
2025-03-05,447.29
2025-03-04,265.11
2025-03-03,845.18
2025-03-02,786.61
2025-03-01,493.88
2025-02-28,1192.92
2025-02-27,1567.84
2025-02-26,349.81
2025-02-25,593.55
2025-02-24,382.23
2025-02-23,1300.48
2025-02-22,450.37
2025-02-21,722.48
2025-02-20,154.86
2025-02-19,432.32
2025-02-18,432.44
2025-02-17,311.96
2025-02-16,1470.22
2025-02-15,604.27
2025-02-14,683.49
2025-02-13,188.1
2025-02-12,456.96
2025-02-11,483.19
2025-02-10,962.35
2025-02-09,112.39
2025-02-08,131.99
2025-02-07,943.44
2025-02-06,473.26
2025-02-05,171.08
2025-02-04,425.96
2025-02-03,1200.65
2025-02-02,126.4
2025-02-01,1676.81
2025-01-31,510.85
2025-01-30,970.95
2025-01-29,970.58
2025-01-28,115.87
2025-01-27,980.13
2025-01-26,730.38
2025-01-25,424.9
2025-01-24,583.66
2025-01-23,194.17
2025-01-22,134.32
2025-01-21,421.19
2025-01-20,822.87
2025-01-19,1160.16
2025-01-18,527.01
2025-01-17,406.63
2025-01-16,711.72
2025-01-15,398.99
2025-01-14,528.22
2025-01-13,680.28
2025-01-12,726.32
2025-01-11,261.8
2025-01-10,689.17
2025-01-09,461.14
2025-01-08,434.89
2025-01-07,177.28
2025-01-06,341.59
2025-01-05,910.17
2025-01-04,983.27
2025-01-03,684.95
2025-01-02,593.54
2025-01-01,671.63
2024-12-31,162.64
2024-12-30,157.96
2024-12-29,691.34
2024-12-28,168.05
2024-12-27,561.35
2024-12-26,502.75
2024-12-25,673.35
2024-12-24,648.2
2024-12-23,411.51
2024-12-22,603.12
2024-12-21,450.44
2024-12-20,510.74
2024-12-19,1118.93
2024-12-18,316.51
2024-12-17,223.19
2024-12-16,505.04
2024-12-15,314.11
2024-12-14,689.17
2024-12-13,189.37
2024-12-12,419.73
2024-12-11,111.96
2024-12-10,360.39
2024-12-09,520.49
2024-12-08,227.83
2024-12-07,400.51
2024-12-06,697.78
2024-12-05,466.37
2024-12-04,107.66
2024-12-03,222.47
2024-12-02,212.14
2024-12-01,396.02
2024-11-30,101.63
2024-11-29,567.72
2024-11-28,147.36
2024-11-27,117.21
2024-11-26,883.65
2024-11-25,474.51
2024-11-24,255.05
2024-11-23,227.55
2024-11-22,509.15
2024-11-21,146.13
2024-11-20,388.95
2024-11-19,415
2024-11-18,753.45
2024-11-17,368.17
2024-11-16,721.86
2024-11-15,20894.76
2024-11-14,19877.08
2024-11-13,19743.86
2024-11-12,21264.77
2024-11-11,400
2024-11-10,423.42
2024-11-09,679.59
2024-11-08,167.09
2024-11-07,775.33
2024-11-06,874.51
2024-11-05,1047.32
2024-11-04,179.06
2024-11-03,597.31
2024-11-02,697.26
2024-11-01,747.63
2024-10-31,1485.76
2024-10-30,1114.59
2024-10-29,856.33
2024-10-28,594.31
2024-10-27,269.66
2024-10-26,476.09
2024-10-25,373.48
2024-10-24,236.33
2024-10-23,1095.05
2024-10-22,825.51
2024-10-21,275.85
2024-10-20,207.77
2024-10-19,1101.54
2024-10-18,1468.08
2024-10-17,18906.22
2024-10-16,18656.27
2024-10-15,18637.78
2024-10-14,18737.38
2024-10-13,471.91
2024-10-12,570.66
2024-10-11,533.33
2024-10-10,375.74
2024-10-09,801.94
2024-10-08,389.48
2024-10-07,1637.7
2024-10-06,211.55
2024-10-05,771.99
2024-10-04,524.46
2024-10-03,613.32
2024-10-02,805.17
2024-10-01,153.88
2024-09-30,480.33
2024-09-29,424.28
2024-09-28,927.13
2024-09-27,896.99
2024-09-26,690.04
2024-09-25,784.25
2024-09-24,838.56
2024-09-23,580.62
2024-09-22,555.69
2024-09-21,437.13
2024-09-20,543.02
2024-09-19,706.37
2024-09-18,765.87
2024-09-17,771.57
2024-09-16,385.85
2024-09-15,620.79
2024-09-14,274.51
2024-09-13,227.29
2024-09-12,560.06
2024-09-11,353.46
2024-09-10,161.68
2024-09-09,13.43
2024-09-08,764.51
2024-09-07,500.5
2024-09-06,113.84
2024-09-05,538.17
2024-09-04,511.51
2024-09-03,535.46
2024-09-02,200.35
2024-09-01,400.98
2024-08-31,152.65
2024-08-30,690.59
2024-08-29,1020.91
2024-08-28,783.4
2024-08-27,640.32
2024-08-26,742.76
2024-08-25,1229.39
2024-08-24,1028.27
2024-08-23,739.06
2024-08-22,628.14
2024-08-21,583.47
2024-08-20,853.58
2024-08-19,133.91
2024-08-18,486.55
2024-08-17,1081.48
2024-08-16,293.15
2024-08-15,411.62
2024-08-14,836.65
2024-08-13,479.21
2024-08-12,178.62
2024-08-11,638.83
2024-08-10,1119.95
2024-08-09,1009.24
2024-08-08,137.87
2024-08-07,796.89
2024-08-06,411.56
2024-08-05,552.82
2024-08-04,762
2024-08-03,670.25
2024-08-02,480.64
2024-08-01,439.62
2024-07-31,406.8
2024-07-30,1684.73
2024-07-29,2387.99
2024-07-28,602.9
2024-07-27,604.29
2024-07-26,1080.66
2024-07-25,522.53
2024-07-24,274.15
2024-07-23,391.25
2024-07-22,909.74
2024-07-21,468.71
2024-07-20,838.76
2024-07-19,739.16
2024-07-18,199.88
2024-07-17,330.73
2024-07-16,546.16
2024-07-15,538.5
2024-07-14,186.63
2024-07-13,214.2
2024-07-12,421.36
2024-07-11,488.28
2024-07-10,330.2
2024-07-09,99.13
2024-07-08,40.19
2024-07-07,325.33
2024-07-06,450.43
2024-07-05,342.03
2024-07-04,655.72
2024-07-03,93.17
2024-07-02,533.65
2024-07-01,611.36
2024-06-30,661.13
2024-06-29,515.72
2024-06-28,733.84
2024-06-27,371.3
2024-06-26,628.8
2024-06-25,538.25
2024-06-24,363.93
2024-06-23,307.67
2024-06-22,948.33
2024-06-21,857.11
2024-06-20,386.5
2024-06-19,980.88
2024-06-18,1203.02
2024-06-17,519.16
2024-06-16,383.56
2024-06-15,773.09
2024-06-14,285.19
2024-06-13,651.89
2024-06-12,527.18
2024-06-11,1147.79
2024-06-10,556.38
2024-06-09,508.37
2024-06-08,1177.48
2024-06-07,770.15
2024-06-06,251.53
2024-06-05,242.27
2024-06-04,10.03
2024-06-03,649.06
2024-06-02,456.74
2024-06-01,626.05
2024-05-31,760.36
2024-05-30,1517.26
2024-05-29,388.91
2024-05-28,412.71
2024-05-27,352.07
2024-05-26,1247.02
2024-05-25,714.68
2024-05-24,807.65
2024-05-23,348.15
2024-05-22,376.39
2024-05-21,602.15
2024-05-20,1154.86
2024-05-19,1264.52
2024-05-18,559.77
2024-05-17,395.37
2024-05-16,152.91
2024-05-15,153.78
2024-05-14,135.09
2024-05-13,12.72
2024-05-12,255.42
2024-05-11,213.67
2024-05-10,650.36
2024-05-09,382.85
2024-05-08,439.76
2024-05-07,137.86
2024-05-06,630.33
2024-05-05,719.62
2024-05-04,597.25
2024-05-03,400.12
2024-05-02,687.69
2024-05-01,154.12
2024-04-30,789.99
2024-04-29,468.26
2024-04-28,308.61
2024-04-27,665.97
2024-04-26,120.08
2024-04-25,998.12
2024-04-24,364.67
2024-04-23,354.7
2024-04-22,125.93
2024-04-21,93.82
2024-04-20,68.23
2024-04-19,1075.34
2024-04-18,276.69
2024-04-17,1528.16
2024-04-16,174.2
2024-04-15,303.8
2024-04-14,909.14
2024-04-13,592.05
2024-04-12,1084.36
2024-04-11,4140.61
2024-04-10,4054.1
2024-04-09,3894.85
2024-04-08,289.1
2024-04-07,0
2024-04-06,884.28
2024-04-05,471.57
2024-04-04,384.92
2024-04-03,694.83
2024-04-02,95.47
2024-04-01,391.68
2024-03-31,806.98
2024-03-30,3713.7
2024-03-29,499.02
2024-03-28,975.54
2024-03-27,846.47
2024-03-26,506.33
2024-03-25,175.47
2024-03-24,413.6
2024-03-23,438.78
2024-03-22,734.5
2024-03-21,717.01
2024-03-20,962.8
2024-03-19,645.26
2024-03-18,531.36
2024-03-17,1285.13
2024-03-16,1071.65
2024-03-15,116.33
2024-03-14,840.55
2024-03-13,142.78
2024-03-12,832.28
2024-03-11,401.62
2024-03-10,153.68
2024-03-09,702.01
2024-03-08,226.62
2024-03-07,1585.5
2024-03-06,347.1
2024-03-05,681.52
2024-03-04,689.48
2024-03-03,470.61
2024-03-02,640.25
2024-03-01,122.78
2024-02-29,731.62
2024-02-28,727.06
2024-02-27,525.97
2024-02-26,161.34
2024-02-25,895
2024-02-24,379.02
2024-02-23,627.09
2024-02-22,418.75
2024-02-21,401.07
2024-02-20,582.29
2024-02-19,115.37
2024-02-18,580.31
2024-02-17,517.93
2024-02-16,139.54
2024-02-15,168.86
2024-02-14,410.78
2024-02-13,145.1
2024-02-12,321.96
2024-02-11,492.6
2024-02-10,201.53
2024-02-09,387.54
2024-02-08,482.66
2024-02-07,613.56
2024-02-06,123.06
2024-02-05,443.42
2024-02-04,965.54
2024-02-03,611.64
2024-02-02,973.12
2024-02-01,405.09
2024-01-31,778.87
2024-01-30,650.63
2024-01-29,306.21
2024-01-28,354.63
2024-01-27,594.18
2024-01-26,940.7
2024-01-25,516.12
2024-01-24,469.97
2024-01-23,393.12
2024-01-22,175.58
2024-01-21,1066.14
2024-01-20,493.87
2024-01-19,428.13
2024-01-18,1002.59
2024-01-17,213.67
2024-01-16,645.82
2024-01-15,22.58
2024-01-14,720.92
2024-01-13,60.87
2024-01-12,356.78
2024-01-11,25.71
2024-01-10,288.18
2024-01-09,257.14
2024-01-08,392.64
2024-01-07,346.7
2024-01-06,344.76
2024-01-05,516.79
2024-01-04,1719.53
2024-01-03,378.27
2024-01-02,840.12
2024-01-01,1656.98
2023-12-31,14.98
2023-12-30,931.87
2023-12-29,975.44
2023-12-28,188.25
2023-12-27,404.22
2023-12-26,1030.31
2023-12-25,2054.63
2023-12-24,4274.66
2023-12-23,630.53
2023-12-22,669.64
2023-12-21,342.1
2023-12-20,134.05
2023-12-19,1425.21
2023-12-18,131.75
2023-12-17,621.38
2023-12-16,864.39
2023-12-15,984.38
2023-12-14,641.31
2023-12-13,948.52
2023-12-12,679.57
2023-12-11,549.89
2023-12-10,544.66
2023-12-09,988.52
2023-12-08,993.72
2023-12-07,498.41
2023-12-06,1071.6
2023-12-05,392.64
2023-12-04,548.75
2023-12-03,715.36
2023-12-02,551.79
2023-12-01,843.45
2023-11-30,1063.27
2023-11-29,58.11
2023-11-28,694.8
2023-11-27,108.05
2023-11-26,729.6
2023-11-25,7377.69
2023-11-24,6556.44
2023-11-23,908.37
2023-11-22,301.34
2023-11-21,1055.26
2023-11-20,936.57
2023-11-19,846.76
2023-11-18,339.25
2023-11-17,346.47
2023-11-16,904.14
2023-11-15,272.6
2023-11-14,6003.09
2023-11-13,894.6
2023-11-12,301.87
2023-11-11,2034.1
2023-11-10,788.9
2023-11-09,14752.43
2023-11-08,14013.15
2023-11-07,14382.83
2023-11-06,827.94
2023-11-05,881.27
2023-11-04,978.67
2023-11-03,899.92
2023-11-02,802.9
2023-11-01,1508.9
2023-10-31,1198.58
2023-10-30,506.63
2023-10-29,602.29
2023-10-28,735.05
2023-10-27,148.73
2023-10-26,393.29
2023-10-25,347.23
2023-10-24,348.38
2023-10-23,611.95
2023-10-22,219.83
2023-10-21,279.53
2023-10-20,29.91
2023-10-19,597.48
2023-10-18,240.8
2023-10-17,575.05
2023-10-16,761.86
2023-10-15,622.95
2023-10-14,702.81
2023-10-13,944.65
2023-10-12,684.02
2023-10-11,761.2
2023-10-10,1494.79
2023-10-09,845.19
2023-10-08,884.34
2023-10-07,337.52
2023-10-06,426.08
2023-10-05,996.57
2023-10-04,1775.68
2023-10-03,115.76
2023-10-02,262.63
2023-10-01,692.49
2023-09-30,223.43
2023-09-29,11113.95
2023-09-28,11570.48
2023-09-27,6976.04
2023-09-26,6086.39
2023-09-25,6935.74
2023-09-24,1433.65
2023-09-23,1522.92
2023-09-22,993.4
2023-09-21,700.14
2023-09-20,569.98
2023-09-19,839.93
2023-09-18,918.67
2023-09-17,141.76
2023-09-16,1482.58
2023-09-15,1876.68
2023-09-14,2277.99
2023-09-13,2990.2
2023-09-12,1276.74
2023-09-11,1438.96
2023-09-10,2142.5
2023-09-09,328.13
2023-09-08,1957.21
2023-09-07,2860.78
2023-09-06,1707.66
2023-09-05,1445.61
2023-09-04,2138.38
2023-09-03,1929.49
2023-09-02,1147.81
2023-09-01,544.12
2023-08-31,1586.24
2023-08-30,936.46
2023-08-29,539.79
2023-08-28,847.87
2023-08-27,300.35
2023-08-26,1027.59
2023-08-25,392.66
2023-08-24,766.97
2023-08-23,593.87
2023-08-22,1345.83
2023-08-21,747.91
2023-08-20,600.35
2023-08-19,1194.22
2023-08-18,773.26
2023-08-17,1152.16
2023-08-16,1329.36
2023-08-15,1233.75
2023-08-14,1616.26
2023-08-13,1365.56
2023-08-12,981.81
2023-08-11,569.57
2023-08-10,836.27
2023-08-09,851.64
2023-08-08,739.41
2023-08-07,168.39
2023-08-06,519.07
2023-08-05,1521.16
2023-08-04,1269.9
2023-08-03,932.77
2023-08-02,1252.31
2023-08-01,150.63
2023-07-31,154.57
2023-07-30,513.23
2023-07-29,628.01
2023-07-28,609.85
2023-07-27,509
2023-07-26,816
2023-07-25,361.92
2023-07-24,1303.32
2023-07-23,361.58
2023-07-22,466.04
2023-07-21,656.31
2023-07-20,1151.63
2023-07-19,628.09
2023-07-18,743.27
2023-07-17,1220.67
2023-07-16,694.85
2023-07-15,785.97
2023-07-14,662.77
2023-07-13,555.72
2023-07-12,664.02
2023-07-11,120.32
2023-07-10,331.701
2023-07-09,203.201
2023-07-08,680.837
2023-07-07,285.101
2023-07-06,205.5
2023-07-05,231.149
2023-07-04,305.021
2023-07-03,543.738
2023-07-02,420.165
2023-07-01,516.658
2023-06-30,689.189
2023-06-29,824.536
2023-06-28,556.371
2023-06-27,377.852
2023-06-26,266.963
2023-06-25,382.273
2023-06-24,151.629
2023-06-23,391.535
2023-06-22,217.537
2023-06-21,230.337
2023-06-20,220.475
2023-06-19,56.176
2023-06-18,51.447
2023-06-17,321.116
2023-06-16,985.701
2023-06-15,602.1
2023-06-14,244.405
2023-06-13,736.255
2023-06-12,699.381
2023-06-11,183.84
2023-06-10,245.809
2023-06-09,320.065
2023-06-08,772.566
2023-06-07,970.331
2023-06-06,457.742
2023-06-05,516.242
2023-06-04,287.985
2023-06-03,357.102
2023-06-02,795.908
2023-06-01,968.225
2023-05-31,236.435
2023-05-30,632.636
2023-05-29,191.803
2023-05-28,195.194
2023-05-27,3148.633
2023-05-26,224.717
2023-05-25,1052.442
2023-05-24,802.326
2023-05-23,885.469
2023-05-22,347.794
2023-05-21,255.901
2023-05-20,1007.105
2023-05-19,647.928
2023-05-18,465.236
2023-05-17,96.946
2023-05-16,300.14
2023-05-15,22.505
2023-05-14,163.903
2023-05-13,92.572
2023-05-12,312.538
2023-05-11,198.907
2023-05-10,317.08
2023-05-09,217.764
2023-05-08,421.947
2023-05-07,363.653
2023-05-06,1632.598
2023-05-05,285.734
2023-05-04,707.123
2023-05-03,807.639
2023-05-02,560.114
2023-05-01,341.672
2023-04-30,247.671
2023-04-29,391.889
2023-04-28,1303.23
2023-04-27,1031.495
2023-04-26,265.073
2023-04-25,554.93
2023-04-24,651.366
2023-04-23,247.096
2023-04-22,317.122
2023-04-21,707.414
2023-04-20,216.768
2023-04-19,649.74
2023-04-18,839.341
2023-04-17,348.055
2023-04-16,192.603
2023-04-15,303.135
2023-04-14,517.81
2023-04-13,316.329
2023-04-12,115.166
2023-04-11,278.383
2023-04-10,207.92
2023-04-09,373.943
2023-04-08,348.482
2023-04-07,228.401
2023-04-06,250.493
2023-04-05,857.306
2023-04-04,325.362
2023-04-03,279.442
2023-04-02,374.495
2023-04-01,414.223
2023-03-31,500.154
2023-03-30,330.011
2023-03-29,1101.745
2023-03-28,253.017
2023-03-27,517.638
2023-03-26,1434.338
2023-03-25,398.482
2023-03-24,1152.836
2023-03-23,1037.838
2023-03-22,640.723
2023-03-21,191.157
2023-03-20,249.754
2023-03-19,415.514
2023-03-18,1111.32
2023-03-17,446.178
2023-03-16,249.446
2023-03-15,940.931
2023-03-14,236.793
2023-03-13,151.498
2023-03-12,215.249
2023-03-11,727.076
2023-03-10,310.848
2023-03-09,449.977
2023-03-08,549.651
2023-03-07,644.391
2023-03-06,659.123
2023-03-05,384.783
2023-03-04,784.019
2023-03-03,680.608
2023-03-02,761.501
2023-03-01,894.289
2023-02-28,875.728
2023-02-27,768.443
2023-02-26,513.805
2023-02-25,501.065
2023-02-24,298.044
2023-02-23,794.168
2023-02-22,680.582
2023-02-21,804.733
2023-02-20,180.139
2023-02-19,1311.193
2023-02-18,734.651
2023-02-17,325.18
2023-02-16,735.364
2023-02-15,35.402
2023-02-14,834.159
2023-02-13,685.124
2023-02-12,276.684
2023-02-11,1017.222
2023-02-10,691.917
2023-02-09,240.318
2023-02-08,239.127
2023-02-07,585.036
2023-02-06,1002.074
2023-02-05,301.332
2023-02-04,307.905
2023-02-03,1176.52
2023-02-02,650.929
2023-02-01,419.025
2023-01-31,700.249
2023-01-30,268.686
2023-01-29,630.024
2023-01-28,216.901
2023-01-27,857.417
2023-01-26,347.743
2023-01-25,321.049
2023-01-24,297.361
2023-01-23,928.356
2023-01-22,106.209
2023-01-21,202.557
2023-01-20,341.473
2023-01-19,476.81
2023-01-18,247.072
2023-01-17,695.22
2023-01-16,245.208
2023-01-15,423.827
2023-01-14,553.552
2023-01-13,329.802
2023-01-12,862.69
2023-01-11,311.155
2023-01-10,642.259
2023-01-09,655.491
2023-01-08,247.036
2023-01-07,326.07
2023-01-06,104.406
2023-01-05,264.374
2023-01-04,505.343
2023-01-03,806.113
2023-01-02,434.421
2023-01-01,251.037
2022-12-31,276.043
2022-12-30,282.371
2022-12-29,286.05
2022-12-28,313.397
2022-12-27,270.395
2022-12-26,334.146
2022-12-25,334.732
2022-12-24,1090.549
2022-12-23,371.674
2022-12-22,531.531
2022-12-21,196.552
2022-12-20,472.368
2022-12-19,355.759
2022-12-18,662.525
2022-12-17,295.21
2022-12-16,294.224
2022-12-15,667.392
2022-12-14,604.655
2022-12-13,238.084
2022-12-12,359.051
2022-12-11,458.672
2022-12-10,979.087
2022-12-09,345.024
2022-12-08,236.191
2022-12-07,736.208
2022-12-06,337.593
2022-12-05,425.908
2022-12-04,382.962
2022-12-03,529.116
2022-12-02,375.728
2022-12-01,263.201
2022-11-30,312.643
2022-11-29,704.98
2022-11-28,455.677
2022-11-27,289.954
2022-11-26,662.272
2022-11-25,559.165
2022-11-24,247.485
2022-11-23,547.655
2022-11-22,268.23
2022-11-21,149.704
2022-11-20,295.076
2022-11-19,616.061
2022-11-18,546.151
2022-11-17,288.996
2022-11-16,221.979
2022-11-15,238.246
2022-11-14,309.4
2022-11-13,327.932
2022-11-12,462.115
2022-11-11,759.378
2022-11-10,717.918
2022-11-09,385.096
2022-11-08,412.045
2022-11-07,365.945
2022-11-06,710.619
2022-11-05,462.621
2022-11-04,491.423
2022-11-03,378.434
2022-11-02,154.657
2022-11-01,429.48
2022-10-31,571.196
2022-10-30,531.855
2022-10-29,863.911
2022-10-28,228.864
2022-10-27,410.504
2022-10-26,155.199
2022-10-25,246.417
2022-10-24,794.854
2022-10-23,447.826
2022-10-22,369.264
2022-10-21,323.627
2022-10-20,1015.659
2022-10-19,189.303
2022-10-18,921.085
2022-10-17,535.932
2022-10-16,346.448
2022-10-15,637.246
2022-10-14,260.794
2022-10-13,278.494
2022-10-12,301.724
2022-10-11,269.215
2022-10-10,739.7
2022-10-09,311.961
2022-10-08,713.118
2022-10-07,357.576
2022-10-06,251.253
2022-10-05,471.237
2022-10-04,599.733
2022-10-03,388.793
2022-10-02,263.254
2022-10-01,267.653
2022-09-30,371.559
2022-09-29,258.829
2022-09-28,714.403
2022-09-27,244.667
2022-09-26,560.878
2022-09-25,361.566
2022-09-24,788.266
2022-09-23,528.18
2022-09-22,346.295
2022-09-21,749.333
2022-09-20,741.485
2022-09-19,222.514
2022-09-18,455.517
2022-09-17,579.15
2022-09-16,336.762
2022-09-15,256.875
2022-09-14,656.396
2022-09-13,335.301
2022-09-12,287.644
2022-09-11,272.223
2022-09-10,440.99
2022-09-09,109.976
2022-09-08,139.46
2022-09-07,86.698
2022-09-06,133.437
2022-09-05,211.236
2022-09-04,420.642
2022-09-03,279.528
2022-09-02,207.176
2022-09-01,542.771
2022-08-31,184.052
2022-08-30,806.073
2022-08-29,202.919
2022-08-28,860.782
2022-08-27,374.419
2022-08-26,567.5
2022-08-25,766.364
2022-08-24,247.658
2022-08-23,266.697
2022-08-22,448.787
2022-08-21,295.862
2022-08-20,383.297
2022-08-19,189.907
2022-08-18,170.432
2022-08-17,223.63
2022-08-16,314.096
2022-08-15,110.709
2022-08-14,224.627
2022-08-13,195.656
2022-08-12,83.226
2022-08-11,78.435
2022-08-10,146.208
2022-08-09,68.139
2022-08-08,66.408
2022-08-07,0
2022-08-06,342.621
2022-08-05,697.818
2022-08-04,250.821
2022-08-03,513.828
2022-08-02,178.532
2022-08-01,543.297
2022-07-31,457.298
2022-07-30,281.1
2022-07-29,355.194
2022-07-28,178.97
2022-07-27,227.178
2022-07-26,72.506
2022-07-25,264.1
2022-07-24,323.852
2022-07-23,612.234
2022-07-22,180.414
2022-07-21,259.716
2022-07-20,237.35
2022-07-19,216.396
2022-07-18,271.949
2022-07-17,206.675
2022-07-16,332.31
2022-07-15,148.192
2022-07-14,650.044
2022-07-13,206.608
2022-07-12,174.781
2022-07-11,558.258
2022-07-10,217.802
2022-07-09,275.702
2022-07-08,156.739
2022-07-07,144.365
2022-07-06,104.12
2022-07-05,191.557
2022-07-04,180.88
2022-07-03,325.786
2022-07-02,147.716
2022-07-01,243.05
2022-06-30,238.348
2022-06-29,198.253
2022-06-28,86.39
2022-06-27,71.645
2022-06-26,154.994
2022-06-25,288.074
2022-06-24,289.59
2022-06-23,187.031
2022-06-22,110.144
2022-06-21,261.365
2022-06-20,223.428
2022-06-19,84.233
2022-06-18,121.658
2022-06-17,226.184
2022-06-16,155.931
2022-06-15,35.897
2022-06-14,115.127
2022-06-13,39.186
2022-06-12,562.053
2022-06-11,278.581
2022-06-10,214.664
2022-06-09,148.088
2022-06-08,265.323
2022-06-07,287.168
2022-06-06,18.329
2022-06-05,257.206
2022-06-04,244.774
2022-06-03,230.535
2022-06-02,271.278
2022-06-01,581.383
2022-05-31,152.969
2022-05-30,483.755
2022-05-29,336.149
2022-05-28,196.493
2022-05-27,172.884
2022-05-26,136.173
2022-05-25,132.485
2022-05-24,107.959
2022-05-23,155.19
2022-05-22,486.392
2022-05-21,125.142
2022-05-20,195.416
2022-05-19,155.718
2022-05-18,324.37
2022-05-17,400.127
2022-05-16,117.697
2022-05-15,99.878
2022-05-14,265.67
2022-05-13,206.756
2022-05-12,169.608
2022-05-11,99.573
2022-05-10,200.696
2022-05-09,473.261
2022-05-08,177.753
2022-05-07,256.986
2022-05-06,173.419
2022-05-05,88.783
2022-05-04,187.894
2022-05-03,121.938
2022-05-02,312.329
2022-05-01,258.076
2022-04-30,218.921
2022-04-29,153.218
2022-04-28,475.769
2022-04-27,282.098
2022-04-26,476.92
2022-04-25,325.638
2022-04-24,231.223
2022-04-23,219.581
2022-04-22,482.448
2022-04-21,225.09
2022-04-20,116.807
2022-04-19,311.749
2022-04-18,350.315
2022-04-17,179.211
2022-04-16,294.639
2022-04-15,439.156
2022-04-14,196.381
2022-04-13,241.669
2022-04-12,184.354
2022-04-11,747.744
2022-04-10,277.711
2022-04-09,300.647
2022-04-08,236.646
2022-04-07,251.189
2022-04-06,206.374
2022-04-05,201.407
2022-04-04,343.815
2022-04-03,185.009
2022-04-02,359.242
2022-04-01,337.423
2022-03-31,183.581
2022-03-30,92.818
2022-03-29,170.915
2022-03-28,117.03
2022-03-27,394.084
2022-03-26,213.707
2022-03-25,257.884
2022-03-24,158.017
2022-03-23,294.675
2022-03-22,130.232
2022-03-21,94.205
2022-03-20,151.149
2022-03-19,144.864
2022-03-18,93.576
2022-03-17,131.739
2022-03-16,141.924
2022-03-15,490.669
2022-03-14,343.544
2022-03-13,190.223
2022-03-12,303.284
2022-03-11,209.044
2022-03-10,440.796
2022-03-09,213.938
2022-03-08,141.796
2022-03-07,172.4
2022-03-06,154.227
2022-03-05,153.745
2022-03-04,75.071
2022-03-03,120.011
2022-03-02,84.497
2022-03-01,273.876
2022-02-28,410.013
2022-02-27,198.934
2022-02-26,288.256
2022-02-25,236.3
2022-02-24,480.002
2022-02-23,122.963
2022-02-22,417.232
2022-02-21,228.125
2022-02-20,471.931
2022-02-19,201.547
2022-02-18,274.066
2022-02-17,240.629
2022-02-16,205.03
2022-02-15,526.78
2022-02-14,213.655
2022-02-13,76.843
2022-02-12,281.871
2022-02-11,274.521
2022-02-10,563.265
2022-02-09,154.563
2022-02-08,283.064
2022-02-07,602.072
2022-02-06,68.608
2022-02-05,213.82
2022-02-04,121.927
2022-02-03,357.39
2022-02-02,325.595
2022-02-01,177.112
2022-01-31,95.476
2022-01-30,191.11
2022-01-29,184.901
2022-01-28,138.544
2022-01-27,71.254
2022-01-26,152.011
2022-01-25,57.238
2022-01-24,368.649
2022-01-23,155.994
2022-01-22,610.999
2022-01-21,182.27
2022-01-20,369.735
2022-01-19,402.627
2022-01-18,389.518
2022-01-17,159.22
2022-01-16,132.166
2022-01-15,189.949
2022-01-14,481.84
2022-01-13,374.396
2022-01-12,136.171
2022-01-11,207.648
2022-01-10,438.522
2022-01-09,186.535
2022-01-08,213.604
2022-01-07,339.092
2022-01-06,385.566
2022-01-05,339.341
2022-01-04,200.436
2022-01-03,417.469
2022-01-02,167.037
2022-01-01,168.468
2021-12-31,253.782
2021-12-30,125.391
2021-12-29,51.307
2021-12-28,216.82
2021-12-27,163.222
2021-12-26,213.172
2021-12-25,169.458
2021-12-24,245.646
2021-12-23,238.345
2021-12-22,241.604
2021-12-21,190.24
2021-12-20,136.561
2021-12-19,281.503
2021-12-18,378.62
2021-12-17,224.506
2021-12-16,245.961
2021-12-15,149.067
2021-12-14,164.858
2021-12-13,223.537
2021-12-12,276.173
2021-12-11,64.787
2021-12-10,220.041
2021-12-09,223.698
2021-12-08,182.172
2021-12-07,283.712
2021-12-06,50.843
2021-12-05,460.713
2021-12-04,550.578
2021-12-03,194.399
2021-12-02,534.644
2021-12-01,125.993
2021-11-30,214.172
2021-11-29,532.439
2021-11-28,255.452
2021-11-27,141.765
2021-11-26,215.41
2021-11-25,173.962
2021-11-24,239.806
2021-11-23,163.846
2021-11-22,87.671
2021-11-21,259.155
2021-11-20,398.363
2021-11-19,452.537
2021-11-18,362.62
2021-11-17,632.474
2021-11-16,385.16
2021-11-15,291.719
2021-11-14,264.077
2021-11-13,774.163
2021-11-12,624.178
2021-11-11,194.77
2021-11-10,577.459
2021-11-09,220.795
2021-11-08,80.299
2021-11-07,253.59
2021-11-06,650.627
2021-11-05,183.965
2021-11-04,179.228
2021-11-03,546.459
2021-11-02,188.279
2021-11-01,191.512
2021-10-31,426.1
2021-10-30,179.013
2021-10-29,145.677
2021-10-28,258.188
2021-10-27,572.297
2021-10-26,506.413
2021-10-25,134.81
2021-10-24,95.691
2021-10-23,286.206
2021-10-22,163.319
2021-10-21,145.817
2021-10-20,148.095
2021-10-19,533.118
2021-10-18,340.903
2021-10-17,224.657
2021-10-16,246.863
2021-10-15,134.351
2021-10-14,214.977
2021-10-13,175.695
2021-10-12,158.742
2021-10-11,124.86
2021-10-10,149.769
2021-10-09,636.661
2021-10-08,569.924
2021-10-07,156.264
2021-10-06,518.41
2021-10-05,122.257
2021-10-04,298.457
2021-10-03,183.676
2021-10-02,368.109
2021-10-01,112.738
2021-09-30,119.127
2021-09-29,114.618
2021-09-28,165.246
2021-09-27,142.073
2021-09-26,130.022
2021-09-25,247.62
2021-09-24,146.147
2021-09-23,179.631
2021-09-22,224.76
2021-09-21,374.058
2021-09-20,145.196
2021-09-19,121.342
2021-09-18,166.371
2021-09-17,207.578
2021-09-16,85.1
2021-09-15,121.255
2021-09-14,52.733
2021-09-13,80.48
2021-09-12,113.928
2021-09-11,168.357
2021-09-10,155.736
2021-09-09,188.037
2021-09-08,163.368
2021-09-07,215.558
2021-09-06,465.365
2021-09-05,495.364
2021-09-04,260.468
2021-09-03,110.452
2021-09-02,123.598
2021-09-01,88.146
2021-08-31,182.266
2021-08-30,189.429
2021-08-29,149.518
2021-08-28,358.997
2021-08-27,194.727
2021-08-26,132.985
2021-08-25,213.981
2021-08-24,199.35
2021-08-23,170.442
2021-08-22,210.829
2021-08-21,445.769
2021-08-20,177.403
2021-08-19,166.861
2021-08-18,208.992
2021-08-17,148.178
2021-08-16,205.676
2021-08-15,142.508
2021-08-14,208.717
2021-08-13,243.565
2021-08-12,146.308
2021-08-11,133.542
2021-08-10,189.876
2021-08-09,236.865
2021-08-08,486.436
2021-08-07,382.413
2021-08-06,379.635
2021-08-05,122.912
2021-08-04,373.285
2021-08-03,54.269
2021-08-02,171.104
2021-08-01,219.953
2021-07-31,493.868
2021-07-30,173.733
2021-07-29,132.47
2021-07-28,181.573
2021-07-27,155.048
2021-07-26,120.453
2021-07-25,414.9
2021-07-24,172.844
2021-07-23,145.607
2021-07-22,171.429
2021-07-21,208.258
2021-07-20,163.082
2021-07-19,486.907
2021-07-18,462.545
2021-07-17,223.587
2021-07-16,159.774
2021-07-15,472.589
2021-07-14,152.812
2021-07-13,164.038
2021-07-12,169.997
2021-07-11,355.543
2021-07-10,309.211
2021-07-09,100.81
2021-07-08,123.012
2021-07-07,317.648
2021-07-06,581.673
2021-07-05,318.982
2021-07-04,237.725
2021-07-03,214.362
2021-07-02,64.201
2021-07-01,176.234
2021-06-30,366.88
2021-06-29,249.655
2021-06-28,195.143
2021-06-27,408.848
2021-06-26,385.707
2021-06-25,294.105
2021-06-24,394.515
2021-06-23,158.342
2021-06-22,278.552
2021-06-21,526.647
2021-06-20,219.273
2021-06-19,184.183
2021-06-18,229.463
2021-06-17,150.789
2021-06-16,159.584
2021-06-15,176.812
2021-06-14,176.476
2021-06-13,170.18
2021-06-12,381.293
2021-06-11,139.003
2021-06-10,298.077
2021-06-09,133.955
2021-06-08,175.379
2021-06-07,226.406
2021-06-06,176.642
2021-06-05,377.907
2021-06-04,136.795
2021-06-03,243.127
2021-06-02,230.55
2021-06-01,158.979
2021-05-31,284.795
2021-05-30,161.333
2021-05-29,121.606
2021-05-28,213.926
2021-05-27,181.378
2021-05-26,150.111
2021-05-25,148.949
2021-05-24,145.15
2021-05-23,138.859
2021-05-22,124.583
2021-05-21,303.413
2021-05-20,170.66
2021-05-19,54.985
2021-05-18,66.878
2021-05-17,53.181
2021-05-16,61.92
2021-05-15,128.513
2021-05-14,549.002
2021-05-13,149.075
2021-05-12,514.039
2021-05-11,225.582
2021-05-10,254.271
2021-05-09,184.994
2021-05-08,293.397
2021-05-07,208.675
2021-05-06,155.376
2021-05-05,126.878
2021-05-04,373.526
2021-05-03,193.951
2021-05-02,129.458
2021-05-01,191.575
2021-04-30,178.516
2021-04-29,173.149
2021-04-28,142.588
2021-04-27,206.427
2021-04-26,327.845
2021-04-25,116.049
2021-04-24,359.979
2021-04-23,107.994
2021-04-22,229.509
2021-04-21,183.779
2021-04-20,126.554
2021-04-19,173.235
2021-04-18,477.718
2021-04-17,208.759
2021-04-16,85.198
2021-04-15,89.618
2021-04-14,13.747
2021-04-13,158.712
2021-04-12,427.558
2021-04-11,155.054
2021-04-10,283.388
2021-04-09,109.766
2021-04-08,128.278
2021-04-07,121.449
2021-04-06,261.026
2021-04-05,124.087
2021-04-04,233.753
2021-04-03,207.954
2021-04-02,381.755
2021-04-01,191.527
2021-03-31,350.569
2021-03-30,55.83
2021-03-29,201.485
2021-03-28,145.047
2021-03-27,201.968
2021-03-26,284.719
2021-03-25,149.511
2021-03-24,164.895
2021-03-23,187.415
2021-03-22,114.245
2021-03-21,183.319
2021-03-20,338.151
2021-03-19,47.587
2021-03-18,31.522
2021-03-17,144.586
2021-03-16,195.389
2021-03-15,178.574
2021-03-14,441.269
2021-03-13,215.873
2021-03-12,147.352
2021-03-11,157.078
2021-03-10,143.005
2021-03-09,198.719
2021-03-08,166.123
2021-03-07,156.034
2021-03-06,323.337
2021-03-05,106.829
2021-03-04,138.611
2021-03-03,167.387
2021-03-02,132.698
2021-03-01,199.994
2021-02-28,169.201
2021-02-27,137.509
2021-02-26,331.723
2021-02-25,159.937
2021-02-24,141.615
2021-02-23,179.92
2021-02-22,165.887
2021-02-21,170.005
2021-02-20,57.486
2021-02-19,185.201
2021-02-18,169.441
2021-02-17,191.552
2021-02-16,140.725
2021-02-15,188.924
2021-02-14,155.13
2021-02-13,78.33
2021-02-12,218.478
2021-02-11,118.381
2021-02-10,170.427
2021-02-09,44.936
2021-02-08,158.955
2021-02-07,184.58
2021-02-06,151.267
2021-02-05,126.328
2021-02-04,161.003
2021-02-03,196.239
2021-02-02,189.777
2021-02-01,196.328
2021-01-31,451.425
2021-01-30,176.782
2021-01-29,234.71
2021-01-28,245.145
2021-01-27,174.812
2021-01-26,259.177
2021-01-25,210.815
2021-01-24,135.936
2021-01-23,211.034
2021-01-22,189.825
2021-01-21,188.87
2021-01-20,188.352
2021-01-19,158.43
2021-01-18,156.796
2021-01-17,217.321
2021-01-16,284.566
2021-01-15,185.9
2021-01-14,143.18
2021-01-13,171.285
2021-01-12,144.743
2021-01-11,68.144
2021-01-10,158.465
2021-01-09,205.653
2021-01-08,154.108
2021-01-07,181.4
2021-01-06,121.281
2021-01-05,219.422
2021-01-04,279.066
2021-01-03,196.344
2021-01-02,232.28
2021-01-01,125.96
2020-12-31,166.045
2020-12-30,185.118
2020-12-29,447.24
2020-12-28,375.708
2020-12-27,214.874
2020-12-26,185.12
2020-12-25,247.541
2020-12-24,154.011
2020-12-23,147.33
2020-12-22,304.923
2020-12-21,183.791
2020-12-20,144.627
2020-12-19,257.481
2020-12-18,252.88
2020-12-17,184.791
2020-12-16,151.521
2020-12-15,164.51
2020-12-14,185.765
2020-12-13,197.179
2020-12-12,216.605
2020-12-11,237.108
2020-12-10,112.456
2020-12-09,194.661
2020-12-08,130.778
2020-12-07,286.03
2020-12-06,33.631
2020-12-05,32.131
2020-12-04,180.156
2020-12-03,252.132
2020-12-02,189.513
2020-12-01,138.305
2020-11-30,150.129
2020-11-29,334.321
2020-11-28,165.337
2020-11-27,526.841
2020-11-26,460.352
2020-11-25,519.437
2020-11-24,133.335
2020-11-23,182.184
2020-11-22,174.623
2020-11-21,362.416
2020-11-20,480.318
2020-11-19,270.79
2020-11-18,447.488
2020-11-17,167.761
2020-11-16,249.492
2020-11-15,178.072
2020-11-14,150.97
2020-11-13,544
2020-11-12,124.072
2020-11-11,213.559
2020-11-10,121.694
2020-11-09,160.707
2020-11-08,256.026
2020-11-07,264.071
2020-11-06,372.934
2020-11-05,145.607
2020-11-04,169.739
2020-11-03,162.082
2020-11-02,169.386
2020-11-01,184.736
2020-10-31,186.803
2020-10-30,259.208
2020-10-29,141.595
2020-10-28,229.992
2020-10-27,68.243
2020-10-26,466.945
2020-10-25,171.482
2020-10-24,261.028
2020-10-23,314.478
2020-10-22,274.923
2020-10-21,147.909
2020-10-20,153.955
2020-10-19,153.366
2020-10-18,288.109
2020-10-17,204.815
2020-10-16,231.454
2020-10-15,181.338
2020-10-14,192.627
2020-10-13,61.98
2020-10-12,27.122
2020-10-11,106.341
2020-10-10,141.655
2020-10-09,159.619
2020-10-08,130.995
2020-10-07,103.494
2020-10-06,173.079
2020-10-05,169.746
2020-10-04,179.891
2020-10-03,264.817
2020-10-02,355.719
2020-10-01,206.957
2020-09-30,190.516
2020-09-29,333.355
2020-09-28,143.777
2020-09-27,267.612
2020-09-26,273.133
2020-09-25,331.608
2020-09-24,187.139
2020-09-23,149.501
2020-09-22,165.817
2020-09-21,149.151
2020-09-20,160.864
2020-09-19,270.464
2020-09-18,152.912
2020-09-17,150.526
2020-09-16,112.166
2020-09-15,26.855
2020-09-14,47.642
2020-09-13,139.783
2020-09-12,236.728
2020-09-11,126.88
2020-09-10,33.014
2020-09-09,128.913
2020-09-08,106.985
2020-09-07,172.399
2020-09-06,214.13
2020-09-05,191.629
2020-09-04,419.424
2020-09-03,473.326
2020-09-02,143.3
2020-09-01,170.614
2020-08-31,200.939
2020-08-30,326.593
2020-08-29,180.212
2020-08-28,197.405
2020-08-27,469.08
2020-08-26,119.016
2020-08-25,144.426
2020-08-24,149.424
2020-08-23,222.577
2020-08-22,229.726
2020-08-21,240.295
2020-08-20,101.536
2020-08-19,136.694
2020-08-18,85.745
2020-08-17,293.25
2020-08-16,177.164
2020-08-15,432.274
2020-08-14,229.633
2020-08-13,212.74
2020-08-12,108.233
2020-08-11,195.858
2020-08-10,146.528
2020-08-09,210.389
2020-08-08,306.578
2020-08-07,206.144
2020-08-06,177.561
2020-08-05,144.433
2020-08-04,205.349
2020-08-03,128.16
2020-08-02,274.735
2020-08-01,117.863
2020-07-31,324.276
2020-07-30,133.227
2020-07-29,147.745
2020-07-28,187.518
2020-07-27,363.525
2020-07-26,256.792
2020-07-25,338.556
2020-07-24,213.551
2020-07-23,169.351
2020-07-22,111.789
2020-07-21,205.373
2020-07-20,154.441
2020-07-19,361.063
2020-07-18,172.699
2020-07-17,209.815
2020-07-16,115.589
2020-07-15,186.164
2020-07-14,210.127
2020-07-13,164.584
2020-07-12,154.472
2020-07-11,325.468
2020-07-10,174.833
2020-07-09,150.492
2020-07-08,133.845
2020-07-07,187.142
2020-07-06,169.098
2020-07-05,283.607
2020-07-04,649.63
2020-07-03,131.597
2020-07-02,151.953
2020-07-01,41.465
2020-06-30,145.775
2020-06-29,229.547
2020-06-28,188.003
2020-06-27,410.068
2020-06-26,118.353
2020-06-25,329.584
2020-06-24,46.265
2020-06-23,149.971
2020-06-22,225.852
2020-06-21,265.109
2020-06-20,230.116
2020-06-19,382.175
2020-06-18,119.271
2020-06-17,319.976
2020-06-16,79.849
2020-06-15,209.413
2020-06-14,175.724
2020-06-13,256.545
2020-06-12,176.922
2020-06-11,73.838
2020-06-10,141.678
2020-06-09,111.027
2020-06-08,71.655
2020-06-07,312.393
2020-06-06,288.846
2020-06-05,233.358
2020-06-04,87.512
2020-06-03,633.745
2020-06-02,76.132
2020-06-01,125.92
2020-05-31,178.05
2020-05-30,232.796
2020-05-29,75.685
2020-05-28,254.436
2020-05-27,206.669
2020-05-26,134.399
2020-05-25,224.988
2020-05-24,300.692
2020-05-23,251.568
2020-05-22,165.464
2020-05-21,89.633
2020-05-20,138.898
2020-05-19,268.522
2020-05-18,65.523
2020-05-17,321.775
2020-05-16,383.546
2020-05-15,167.538
2020-05-14,100.04
2020-05-13,62.686
2020-05-12,516.075
2020-05-11,388.74
2020-05-10,658.222
2020-05-09,222.096
2020-05-08,105.935
2020-05-07,179.823
2020-05-06,531.98
2020-05-05,203.452
2020-05-04,339.941
2020-05-03,410.605
2020-05-02,203.881
2020-05-01,509.576
2020-04-30,208.494
2020-04-29,459.35
2020-04-28,404.262
2020-04-27,70.567
2020-04-26,393.322
2020-04-25,203.425
2020-04-24,186.37
2020-04-23,110.21
2020-04-22,499.656
2020-04-21,575.854
2020-04-20,411.466
2020-04-19,228.528
2020-04-18,322.604
2020-04-17,195.319
2020-04-16,428.998
2020-04-15,46.678
2020-04-14,240.131
2020-04-13,254.328
2020-04-12,170.679
2020-04-11,313.24
2020-04-10,190.736
2020-04-09,199.487
2020-04-08,273.948
2020-04-07,172.288
2020-04-06,385.351
2020-04-05,167.574
2020-04-04,267.543
2020-04-03,284.722
2020-04-02,137.634
2020-04-01,140.703
2020-03-31,236.11
2020-03-30,41.961
2020-03-29,215.938
2020-03-28,382.935
2020-03-27,95.884
2020-03-26,136.469
2020-03-25,279.89
2020-03-24,126.554
2020-03-23,125
2020-03-22,251.055
2020-03-21,245.391
2020-03-20,164.165
2020-03-19,233.033
2020-03-18,153.175
2020-03-17,258.135
2020-03-16,174.589
2020-03-15,523.058
2020-03-14,286.798
2020-03-13,189.878
2020-03-12,204.102
2020-03-11,117.603
2020-03-10,489.454
2020-03-09,202.308
2020-03-08,220.634
2020-03-07,354.987
2020-03-06,143.051
2020-03-05,431.554
2020-03-04,176.876
2020-03-03,680.31
2020-03-02,273.354
2020-03-01,227.892
2020-02-29,265.088
2020-02-28,233.393
2020-02-27,642.432
2020-02-26,288.216
2020-02-25,476.327
2020-02-24,123.506
2020-02-23,209.292
2020-02-22,340.344
2020-02-21,204.539
2020-02-20,186.175
2020-02-19,231.731
2020-02-18,127.782
2020-02-17,138.416
2020-02-16,240.458
2020-02-15,157.698
2020-02-14,146.849
2020-02-13,176.335
2020-02-12,201.526
2020-02-11,117.633
2020-02-10,185.081
2020-02-09,507.36
2020-02-08,374.21
2020-02-07,197.423
2020-02-06,114.717
2020-02-05,136.653
2020-02-04,162.786
2020-02-03,102.736
2020-02-02,149.216
2020-02-01,242.269
2020-01-31,480.683
2020-01-30,170.6
2020-01-29,373.882
2020-01-28,109.384
2020-01-27,253.002
2020-01-26,252.988
2020-01-25,226.871
2020-01-24,374.736
2020-01-23,149.05
2020-01-22,189.146
2020-01-21,148.754
2020-01-20,182.715
2020-01-19,94.494
2020-01-18,568.238
2020-01-17,119.542
2020-01-16,323.323
2020-01-15,195.373
2020-01-14,129.739
2020-01-13,159.601
2020-01-12,540.906
2020-01-11,171.361
2020-01-10,132.044
2020-01-09,197.087
2020-01-08,205.924
2020-01-07,186.166
2020-01-06,217.059
2020-01-05,164.21
2020-01-04,134.099
2020-01-03,20.393
2020-01-02,161.022
2020-01-01,144.058
2019-12-31,334.761
2019-12-30,40.217
